name,count
0x7405fe24003a50e4f4117d35e9b5a9f5e512fede,0.5
0x7c0bcf284549dca0e465cf5f517004a118d6fb32,0.01
0x7284a8451d9a0e7dc62b3a71c0593ea2ec5c5638,0.66800565
0xaa98e949c8bb2c3789adcab643b0d702979d5740,0.02209134
0xaecce32486bf8f657dd9ae4627048de1a72c41a5,0.03
0x15d146c4c882efedb3ab0f197125110422b7d612,0.05
0x2de26bfac302a1aa48d01dd10a3267aaea944629,1.5419413481802204
0xfe32a37f15ee4a4b59715530e5817d1322b9df80,1.0
0x4e9c104d24ca8aa27c3e1a5d9d3249e96c5bbd80,1.0
0xc098b2a3aa256d2140208c3de6543aaef5cd3a94,0.2991
0xcc7f6756233a787ac15609837e428f243d42424c,0.02211
0xe8a6e7343f9ff9d5dc6e37bf6844228ea120452a,0.005
0x9d652fc76af187cdc25dc42ee48061a44e2c8d83,0.006
0x25eaff5b179f209cf186b1cdcbfa463a69df4c45,0.06
0xff0c0193cee7e4e914c02f6c5f440bee1dfb09a9,0.04467507308496209
0x24f15402c6bb870554489b2fd2049a85d75b982f,0.05
0xdf8621c93a946daa32a9a59be7dad53babe32153,0.5532431
0x5e01e8a7272127e1f291a7338a8a918abf47cc73,0.0455
0x20c708ff28b47a1c51677bfd9d6f563ba032fc79,0.045
0xdab5c5a4efa0d0e19e58a37e901a94977eebd5e2,0.04475
0x10d6d2e343281d388291a3e02f3293aaeda67178,0.3
0xd78226d7dc276354d59faef59ba6f0e4304d47e7,0.44606216322306674
0x10d6d2e343281d388291a3e02f3293aaeda67178,0.3
0xdaab298625c3f256a1ff0adeacab9434ebb26862,0.08884
0xe25684c91cf468ac1af7297ab3af6235f1ca1dc3,0.0073
0x798f73c7df3932f5c429e618c03828627e51ed63,0.025
0xd33577609f71eeb9e72b8b077590f50f9cbbce0a,0.02
0x0040daac32d83c78546ae36da42a496b28ab09e1,0.045
0x1db3439a222c519ab44bb1144fc28167b4fa6ee6,100.0
0x1db3439a222c519ab44bb1144fc28167b4fa6ee6,100.0
0x63acee543c26802705b06342c4809a0854910d23,0.5
0x0681d8db095565fe8a346fa0277bffde9c0edbbf,0.01954125
0x942cbea64876ff0b2e23c0712b37dc0091804e9c,0.22
0x66b9bd3a9f0d44121533f88c94d4e35213222917,0.1
0x708396f17127c42383e3b9014072679b2f60b82f,0.13401096
0x883ab2ae1bdda0531078b27dd45600193aba1f34,0.1
0x9b506c49c9f601c6683d3420cc170e29e5034368,0.05
0x008c2b6e55284a2ea09c62d50a7da4c7c151dec9,0.2
0x68d36dcbdd7bbf206e27134f28103abe7cf972df,0.2
0x3ada13f58d139564f486e5c6f220d6c1a28f72e8,0.1
0x46cf525b5dd56ddc87d324028bd9047fafaadc9f,0.01359429
0x3255db9adfe3d2c95118d58d94c6ee98d4c98933,0.021928285734334432
0xe2f6659e0209c3f79132abdeb95abeba0f1f672f,1.0
0xd551234ae421e3bcba99a0da6d736074f22192ff,0.03888607
0x5c706df623ac1c2090b8b1eaea3a17bae1d4b335,0.025
0x4b83d2ac5af394d041e1794f9f07f9145005b336,0.009259372496647756
0x0b523ca2eea9e2287626dd7b1246e14a68555e41,0.008
0x818662778e0bf8d3929967026830926e2993e004,0.43943102470920653
0x0681d8db095565fe8a346fa0277bffde9c0edbbf,0.013
0x94de7e2c73529ebf3206aa3459e699fbcdfcd49b,1.0
0xb75fc2f1a5a3780a6354901a190879777a8c1b4d,1.0803852330593473
0x9af62cd4a1247b4bf19abd7091d3c13e3a0bf9e2,0.025
0x23bc4dc9172d15bbe02e57c0269ecd46c007eb95,0.04403732886041208
0x334c47b68fec97dd6a4572b36937a4b444d4c395,0.02
0xcf1e4c0455e69c3a82c2344648be76c72dbcda06,0.1
0x77fe3f389b50a6e8507440c62b4fa8c23073ee9a,0.2
0xada5d3a5587efe1d36aaa95fc8fbc873c754a600,0.3
0xf7463e7335033586683ac1f3df3080a0b38babe9,0.0444
0x3fda8e9123e758ea83f04892c9bc50937af1defc,0.045
0x4347e44d5ddf158d692ff86ea7df813ad799a990,1.0
0xf60c2ea62edbfe808163751dd0d8693dcb30019c,0.987
0x30f8d4bbcf67d93a5a97629f1bd7375fe7663d4e,0.1
0x0481687a3ee71df3dc804ab348f0768aa8b94338,1.1
0xa34c03519dea8306326a938993f882cedd837902,0.05
0xdca51787f58c18fb8f613a27b84b108324ac4c52,0.133
0x50f620a98f0514f5ca9ff7b44125f632ee7ac84a,0.1
0xb7ca40beb56d3af5f2ec84ce0f5f815b35528e4b,0.2
0xd417e34ea40816acfb1821e864620671bc2d1e2d,1.042
0x31a974839911e593ced3ac9402baa12edef9172e,0.04
0xbc2a432a01a64b5bdc9360c22b6603c60e96c867,0.0125
0x267be1c1d684f78cb4f6a176c4911b741e4ffdc0,0.0203
0xf7ca98164d536f1ce7f52be37c7a6517e782edc0,0.01004
0xf591479a9f5af28b68b7bfec43de69ca4a5c7757,4.840121032606751
0xd161f7fa342dcefeafdeb0827b83a400f57ad0a4,1.0
0xdc5226d99636d586d0f625f5fa0f6bd31c4f2b6e,0.02
0x65bdef0e45b652e86973c3408c7cd24dda9d844d,1.0
0x6103a9e1ccb543e7488283c11b220943c7f85cf5,0.1
0xff73fad89a35f7b8b394a94d2d7620cfada6c605,0.0158092
0x343f4c7b038a971736fb8786ebeb748eaa9cb98d,0.4
0x7a9b2f111a4f1a8064ed3fb2dd1478c41acbaa46,10.0
0x3f5ce5fbfe3e9af3971dd833d26ba9b5c936f0be,0.095
0x2e487351c0035dbedc98ebd9200a55fcab8bf098,1.0
0x626333faf2d8543e8235341f1b16262d705c6cea,0.10971986
0xe2cf08867fe7b1bf770fbe7cffcc609fd5135855,0.02
0xe0b376e6282c327cbb7c2b2841d0b7b0595cad60,1.0
0x52c082172ffd26c6b9739820f9c43761648aa834,0.00879894
0xfae5d1580503c02b9b9437fffd79b713e1b4626d,0.0888
0xbc07b0e8fe8574d22bda52cc0a0e5b5a2fbeb4b7,0.05
0xb75e9c727fd8169fd8d6d69fa7c6523650b00c98,0.02122755
0xe343e47d821a9bce54f12237426a6ef391066b60,1.0
0xa59e113fbef3b4129baef6b5355dff683851afa7,0.3
0x61a94bd03562bef44093bd38b26f148b61aa7f01,0.4498546969328907
0x80c013d980ab049471c88e1603b8b4a60e03295c,0.4
0xb6bbb5028a413e40e28c5df1cbb0b9891f1ffeed,0.1
0x10dc1d2f35992b28c5160c2f9fc9582735298d78,0.16
0x3f5ce5fbfe3e9af3971dd833d26ba9b5c936f0be,0.01139
0x436d8c4648be947707e0257e159941026a13b06d,0.06685296
0x23f6ce52eef00f76b7770bd88d39f2156662f6c6,1.0
0x3ce3581bd5acd38584b2e8d41abc4de6bcb2364f,0.020951277136361607
0xe0f0cfde7ee664943906f17f7f14342e76a5cec7,0.2175294
0x3f5ce5fbfe3e9af3971dd833d26ba9b5c936f0be,0.92912887
0x5b0ce442972461700a4d8ef038bac1fedda6a5d6,0.04459149729329611
0xd78226d7dc276354d59faef59ba6f0e4304d47e7,2.2556357058109686
0x48888db73eb818dec38fed2c8d4d08252177de0d,0.1
0xb4d6df1c1559a943e802cecfc704c4847fd18da1,0.001
0x5f75fb6104ac8ce72879347db1041adf2f7745d6,0.15
0x1668c9725e27bf5943bbd43886e1fb5afe75c46c,0.271
0xbdd1f11346bbe039ef6b32b30edfba9164a1fbf1,0.046
0xaf4e1aa342f1c244c127b0470155a75fb22519d8,0.05
0xbdd1f11346bbe039ef6b32b30edfba9164a1fbf1,0.046
0xbdd1f11346bbe039ef6b32b30edfba9164a1fbf1,0.046
0x081638712f60ce6dbe4df246f3d66de3e8b9e196,1.0
0x11e4857bb9993a50c685a79afad4e6f65d518dda,0.0
0xd133aa670d45dfa98f33fde5c9c5bcf423896f1c,1.0
0x1668c9725e27bf5943bbd43886e1fb5afe75c46c,0.271
0xb5c0f0ff448c4891e04fd88ff77e634e8c9d6e7b,0.3
0x648aa14e4424e0825a5ce739c8c68610e143fb79,1.0
0x035e2e997c89d0892549ba8cb84522d1f2f96d21,0.00913154446377288
0xc38d3fc47a5017fc2d682642d0f8f9f00c2d9d15,0.009138345411179851
0x48888db73eb818dec38fed2c8d4d08252177de0d,0.1
0x035e2e997c89d0892549ba8cb84522d1f2f96d21,0.009139890595509572
0x69e11da5f5ce91df1a562efeef6e49f0955a8667,0.022977307611003372
0x6b8ddba9c380e68201f76072523c4ac9ac4113ae,0.917
0x3ec44a823e07555b5f889d8d954eec736eb5865b,0.1
0x6b8ddba9c380e68201f76072523c4ac9ac4113ae,0.916
0xde45378c88cc68b2fb9c21d8a23d20d8d498f768,0.25
0x8b6feda5e17e7a8e281916f6a13da42c986f7e21,0.096711312
0x15039ddcbddf1dd6dbab5c5137d9573514c51fa9,0.01
0x1c2c4c9053c4913bebb198e43b8b4467f0f60f2b,0.005
0x9b2779017c635406d4b6cc5eb7b6e0aede320319,0.02269
0xe2f6659e0209c3f79132abdeb95abeba0f1f672f,2.0
0x318b12ea82e5a65d9d3175dda6abec13d57075b5,0.003143809
0x46340b20830761efd32832a74d7169b29feb9758,0.0423
0xcea78aaa93e917fb5e1802901db2b20aa4411b44,0.2
0x68296920dcd2caa510e50d3b120d699168cdf28b,1.5
0xb59cdc85cacd15097ece4c77ed9d225014b4d56d,1.0
0x618ffd1cdabee36ce5992a857cc7463f21272bd7,0.042
0xc0385c781b2f35ae0ba54c2948f4c23afa3bb954,0.002
0x012df4e18e6e4d2ff623e4a7b4aace39179a2ef5,0.045457024928632475
0x0b91ac96007ae10fb85268e570b9251bb6dcd9a8,0.001
0xc714227eea8f751432686d5754e2892af2a2dbeb,0.001
0x4b9516c9776cda4613202211074c8fe119276649,0.001
0x3e051a6f209318d2be3306a0ab2afb7eb2a3b025,0.001
0xa556a96e02ec2efa401decbe8304db686a8534a6,0.001
0xca24c7e2b05e25102019a23cede2536703ddc5aa,0.001
0x08e5610004378209b2c2eb07aa0291e8451c1802,0.001
0x439df2aa8f501d8cd1d4d51eef6d0618a14105d1,0.001
0x0e1da61f4b4c3c7124458f991e863cb470b92215,0.001
0x2679e21cc16b8bc6949ab32793563e756282b571,0.001
0x73c06863a0987493964fe859463ea00d1e2ff55b,0.001
0xff705d6152edd6af4a666e12a253bfd7cbf60f8b,0.001
0x8dd0942c1af39f485f3f99f8d8c089b50ae88554,0.001
0x7c6fa6742ada5a9bc6caa70c40dff91422de767b,0.001
0x170808baa1c2ee0e9a435e1686f0ad96e7072900,0.001
0xd2f9202614fd8f6b7a9f4542b40be6e5a7e2f693,0.001
0xe4b873ffd652c45b24bde78c3ff44508bb03b55c,0.001
0x590840f1239bac10ea082280d872905c90504a3a,0.001
0x0e9bdab79307fbf2ef2c89f9ffa48b095918a3da,0.001
0xc70cda39ae512bf08f83ded8bc4eb143b5169a0c,0.01
0x24966afccdac7343ecef48e03638445771fb84c2,0.0304
0x3750db73bfb63fd1f56d5660940540a2810cd208,0.001
0x7dcd9f8101c79b32815db64e3581c46174262cbf,0.001
0x1476e8cc583dcd2736eee34290b80c115fb5ce66,0.9479123944781666
0x331e5d9c3f48a73a46ad73c4d998c182a7f461e6,0.001
0x7dcd9f8101c79b32815db64e3581c46174262cbf,0.001
0x7dcd9f8101c79b32815db64e3581c46174262cbf,0.001
0x28a4dd546d4808dbcb2f2dee177cfd3c14e6f295,1.0
0x7dcd9f8101c79b32815db64e3581c46174262cbf,0.001
0xbd4eb0295468c80725017f74113f5aebbd6e8d12,2.3
0xb6e6dfcb7cf0e7ff6128cd120e97000bb9e2723b,0.056
0x7a0e841abc23fc519190f756eab2a7e5f1245679,0.1
0x6c0f58ad4eb24da5769412bf34ddee698c4d185b,0.1
0x8b546a9984e8acd2389f1b815c94ce7ee7cdbc9d,1.0
0xac119cc1fc5bb2ec71ce0846685e83881b2f42db,0.01
0x62d6a28620999cd38f54a49bece8c4330b703aa1,0.025
0xeeab357b6583ff64d12045164177546f5c155b45,0.25
0xb88a91e34ab91c46749ae48b292f1c6cbd271d0d,0.00437687361963313
0xc848ac678b6f4d1bba56ae44e14b16e77858f66d,0.001
0x1464d4e3c815de3028572b850c6c34dfc57e9320,0.2
0xc6ddf90790b433743bd050c1d1d45f673a3413f4,3.0
0x9730f197b29e405b88107ab3a0cad727bd06e34e,0.00518
0xbd6324123b244f2a0b21cfac67fe4636ae2db719,0.044
0x28beb6fd342f7f41c0ebe086f78e43468c7a25c1,0.025
0x7be4d5a99c903c437ec77a20cb6d0688cbb73c7f,2.0
0xd206940c782c1456c2d67318147f7af8903b4900,0.005893175584809279
0x212f527cbf536af122931fef9eed1de87f8df6ed,0.04
0x543becace60661c8a0d49e448b2c8a7d33d2189a,0.0054552733
0xf4fb89a6abe29166428b7a2d58999e3023169059,0.001
0xa65895a1da939ad0539cba4fb419d006516ad9a0,1.0
0xe9f686897b30207bfcb5ea6b50888de193e338b7,0.001
0xe9a20e2a6e4b3bfbbb108f0c105623a3ee665883,0.0015
0xdc17ab136ef3c202fb3b377f15a42561a55177a5,0.01
0x6619ad43c3b9b28ddd4951b37a77e204196d4432,0.21943828
0xd4148c175da44e01a974d3d3248471c68695bbca,0.05122
0xd4148c175da44e01a974d3d3248471c68695bbca,0.04177
0x509df279447ba0d453cb35c266da87267cf9395b,0.01
0x8cededbd95faaa973bfca199b51dad4d473d83e2,0.1
0xca461a25872ff5dfbad47bca93a39cda4c52633e,0.02
0x8cededbd95faaa973bfca199b51dad4d473d83e2,5.4
0xe9831c90bfe883c73536e17d3b72a97b56a1ddbb,0.5
0xca461a25872ff5dfbad47bca93a39cda4c52633e,0.02
0xca461a25872ff5dfbad47bca93a39cda4c52633e,0.01
0x38920daff3cbb1f41d2f89c1dc94400d12f730df,0.05
0x5400a2aaf30366795db84b6b7627f32bcc26dff2,0.033
0xe2c6a4a3a83399775ba104f16f94d2eae905d409,0.0045
0x4b64fafefa33d7d583b1a8310ea79b112360f079,0.5
0xbd9c944dcfb31cd24c81ebf1c974d950f44e42b8,0.08
0xbd3dfc4396b55a87816ca43cd0697ae9aa80b67d,0.08582275
0xbd5209425de009dc28478ebeadea217f8c01eb20,0.2206638451116338
0xca461a25872ff5dfbad47bca93a39cda4c52633e,0.01
0xd551234ae421e3bcba99a0da6d736074f22192ff,0.48108032
0x65816bc5a7aa3db20afe5b42dd98f61bfe7b9d4b,0.023
0x55631d121353b340fae0ed3c34855405935b3023,0.02
0x65816bc5a7aa3db20afe5b42dd98f61bfe7b9d4b,0.023
0xba92b1f60b4423a73fd3191bb900f4671095cc2d,21.74631617
0x5ddad02fb1e60b83b4acf7cc5beb104e4392df20,0.035
0xa1d8d972560c2f8144af871db508f0b0b10a3fbf,0.01
0x618ffd1cdabee36ce5992a857cc7463f21272bd7,0.03
0x65816bc5a7aa3db20afe5b42dd98f61bfe7b9d4b,0.02
0x796fc6401705ce6358196fcdf20c7d9f6a0ed8f8,0.02382389
0xd551234ae421e3bcba99a0da6d736074f22192ff,0.04966
0xd24400ae8bfebb18ca49be86258a3c749cf46853,0.03
0xe11bfcbdd43745d4aa6f4f18e24ad24f4623af04,0.5
0x83d1504c59e5ae459d1c7fd12c3b541e22ad0cee,0.0215357579725376
0x14de2c6b28e0c4a06e140e7c91604faeeea350af,0.004467220905665024
0x63ded17a92468166638128740f44ff4ece5409f6,0.2
0xeb113fec2084068c1be69b8cc299c594d09793aa,0.2147342020047586
0x3b275ab2a85f75fbb3a0048ad1716c576e548570,0.04316923
0xe94d6470c26be6c9013c751d843cf86ffea26db5,0.04347209
0x29b1d432a40f40f5418da2d4abf740e5e491629b,0.011
0x378a52fe230cc7c2338fed10123b042259936345,0.022936521395005887
0x0681d8db095565fe8a346fa0277bffde9c0edbbf,0.03693856
0x110a14a8ce2c872b92dc9d30f3f7d88a13068d8e,0.02161891
0x76703a497ea6c61285b43ecd89ed97c87ed3bce1,0.001730463071918045
0x48c135036976cc6f535e748d85f50e699d36117f,0.004
0xdc58226b6f958583b2ea1dfe336897ec0ccdf0ba,0.0436617
0xafe5f9c89780c43a8f7ae5fcee079ea4a4a57e2e,0.05
0x48c135036976cc6f535e748d85f50e699d36117f,0.004
0xa983691826717ffacd95f910e5ac61086e9fe738,0.04277593
0x134b9eab4aa4c1489687c18c10d7338656fde32d,0.1
0xfc7ad3d0cd04ea5ee8da33151283725355574338,0.02
0xcd497374cc72c57c632917d365eef8f74dbef891,0.5
0xd7078d619c99799e68e0b44119d6da1c0367e43a,1.0
0x8f22f2063d253846b53609231ed80fa571bc0c8f,3.71864414
0x20cbe89a028156a1ae384a9022f887f2482bc51f,0.21639213717530362
0x708396f17127c42383e3b9014072679b2f60b82f,0.02497
0x4e421fbda70cdc0a7b252bf5db2a0346525a5128,0.066
0xd39599f9f3a2cb1a7020eccee415c541b05d5b37,0.02
0x050ac21c63ee3edddbe27bdaa7a87b0c9f5fd75b,0.01
0x3070f20f86fda706ac380f5060d256028a46ec29,0.06
0xcedd842cdd37a2b274d6717f4233661d3ad635a4,0.01
0x1e91f31fcada7ca5bf4b30b7ef736be6a75884b6,0.00901653
0xd2960f30e2d5f936bcda5e86792ac251e8a25d04,0.01
0x236818bb6d259e04fcb6b9ff84fec3f05997866d,0.01077967
0xd27abd897ff6b016593f97f4dd00a555f4387c8e,0.025
0xe6ea6de4a06ad97bf2655cfca63f9fc8e772173e,0.01
0x713f90407fc49f0bc59a6661c23fb67692a80e6d,0.01
0x286e22fd01d5f9b88d7a6ff21b1bfc053d106ee1,0.001
0x6cc8184779ef93afcbb4441343e3b80143a4e161,0.005
0x69e1c391e6fa8df94e585b5c5970a1ea51e15db8,0.192826
0x28ba793c62f20ab8778743d5b9426b481f8d51bb,0.005
0x2b5e240594184f33d9e9a7981086a1795de4c3df,0.05
0x60a5dcb2fc804874883b797f37cbf1b0582ac2dd,0.08633
0x940c908bfa23f5784c9361f91e034655b62e6f1e,0.10805344
0x7d1449177dd1c1b4434b7da1d8a04a3d41e4448f,0.2
0x0f045a0d77d24c326316e0315354e7df28b4ac50,0.005
0xc098b2a3aa256d2140208c3de6543aaef5cd3a94,0.04
0x798d1690b64f76dd8761ba1a09bccf84debc32cb,0.04297748
0x4b82eba895994dbfdb89b20387a054355c14ecc3,0.5
0x9f1f8b80690c1775507bac777ab2562717c1bcc3,0.021378210472757748
0xe969bf18fbc0ed94fbeb0821d347d0525a2c880a,0.01
0xf2f88f3405d983431cae6c6ebfdc6e3e0b95b7ef,0.0427
0xe2974ac15aab159db17738b06e1be0d7df72e74e,0.05
0xa1451f2bc20b1b1f480bcbba83dfe015a1074f32,0.2
0x63acda4460c6a380a763cbce8b3221b74442f5eb,0.1
0xa1451f2bc20b1b1f480bcbba83dfe015a1074f32,0.2
0x29d5527caa78f1946a409fa6acaf14a0a4a0274b,0.0109
0x2cdb19135a2beb8a89f1faac0771c2f95f34eb08,0.02127677682363254
0x9776a4a25e08230aa132865d5fce43bc48f0eb18,1.0
0xd551234ae421e3bcba99a0da6d736074f22192ff,0.095
0xb634aedd5b5b29872da3e1f1a1de2bddbfd45027,0.058153
0xe0f0cfde7ee664943906f17f7f14342e76a5cec7,0.05869
0x399e0ae23663f27181ebb4e66ec504b3aab25541,1.0
0x9b2c5b0800dad9c1166082fb8c8b3ab61e64a792,0.05
0x54e6435378a4c4cbeab0a4eadc9729dd11cfa23f,0.5
0x399e0ae23663f27181ebb4e66ec504b3aab25541,1.0
0x54e6435378a4c4cbeab0a4eadc9729dd11cfa23f,0.5
0x6e57707b2788ed47a9b799bc4b461335c172057f,0.13
0x54e6435378a4c4cbeab0a4eadc9729dd11cfa23f,0.5
0x3906821ab211e0b3d303afc96634e77c4ce701ca,0.1
0x8fd05381267eef20d82536e93848e8a7801aacf8,0.05
0x54e6435378a4c4cbeab0a4eadc9729dd11cfa23f,0.5
0xf280be039bb96fa8fa0b3e8fa3220f35ed875c66,0.01
0x1b121eaca7a5c80cd6850533636574c39aa866d4,0.01
0x210fc4b677c5c84233428afa8c2df3a130816df0,0.01
0x1a1a5047a226c9d673c03a8f5cc45035fbfbb00f,0.01
0x97f62c487b8035517476ccc7e9695ccf50399d18,0.01
0xc95c7b7d08a38e08f67ae2f7de4d3856c76ffe09,0.01
0xb68c08040530fa7fd879bdc02f8c5aa45bd1cd89,0.01
0x2f8d892c93661ab73fa1febe7b6ded77ec4b33e7,0.01
0x3a0f47d8896b46be0339a8f1f2b6ef1a3b1f6985,0.02135598
0xc8defbb582f03d05636bb95f1a55bc9949f0791b,0.01
0x67c4438c86c00257d3bca9bbfb3f6234bc961468,3.1337
0x654b967b3850597445c4a25fcd5dce8e3ae454ab,0.00855563730942318
0xf0a416191738d91e0f657409fe954866c088502d,0.01
0x8f22f2063d253846b53609231ed80fa571bc0c8f,0.03769923
0x70a60249aec1fd70eed0b6fd5002db4fed2328c8,0.01
0xd195a96cb2b617d2465e6d7ee811259cc8b06bb8,0.005
0x97e72d2491c9a979997156a390bba38dad1ff96f,0.02128737530919913
0x1c6cac7e89973eede5063f4b2b9a32ddc47d722f,0.021342894950271057
0x24040d8cd8e8efa6c63d99009988656202a838e8,0.42748
0xb81a6be96d71492a02450ab2fbd38ba1c43cf48a,0.1
0xd8dc70b23742a89f385394c82e92d37d2abfe639,0.25
0xc400eeab2b0a75969c3a53d95e1a38d28eae9441,0.1
0x865c2f85c9fea1c6ac7f53de07554d68cb92ed88,0.2
0x97d712d441574888d335b735b90d2a0c753472ad,0.02
0xe6368de4335f10d55d64bb879b7f3d151f8825dd,0.041
0x9b7f9d222202644f2faae9f32bf26370619cad8c,0.08425490307690665
0x67e5ea669a12f1341031148388e7ce6f2322df36,0.02
0x907390d9897b73936e5b927719d462474d9a094d,0.1
0xfed25267df17bfab23a1f8a26802674769d28c7b,0.1
0xd4c4b736f982f9277a5722e4bf1f316ebfc9765b,0.04250924
0x8688515028955734350067695939423222009623,0.1
0xea27f945e3c69c425e75d57c4836ea62629acae7,0.09128418
0xc0c284aee9218352dfad54422f5888b758b2d158,0.03965729
0x8688515028955734350067695939423222009623,0.1
0xb81a6be96d71492a02450ab2fbd38ba1c43cf48a,0.1
0x6c3d1bc99322d7368db92cf22bb35bf4e5ede72e,0.02127569
0xab2e11c99d8830d5d9b2494a565c974595e39eef,0.1
0x05275affa4b235deacf99e490f3834273c15ea8b,0.1
0x5dc86d382cc7b4c96e53778850a797041e1a9c2a,2.0
0xfeb1ee03b02722e1d5d79dac9111d5f9500f943f,0.01
0x202f534c9666f3306eb6dda952d7914742458a02,0.1
0x9d652fc76af187cdc25dc42ee48061a44e2c8d83,0.008063475680557347
0x3f5ce5fbfe3e9af3971dd833d26ba9b5c936f0be,0.1
0x8d8bec2e6b85497909bfc82c7c886f4ecc81a9eb,0.0855
0xab0bee158f2586753e4e46d870f4b63eeb36d968,0.902628503
0x48f3b8871c0da97c2db6ec35e0961fc269870d63,1.0
0xa505b105060eafbf4521e337256ba0433b6fc6bd,0.02
0x5478384f1524b799e53c1049f2f648aee923979c,0.023
0x267be1c1d684f78cb4f6a176c4911b741e4ffdc0,0.1983
0xf60c2ea62edbfe808163751dd0d8693dcb30019c,0.89897711
0xd0d07db6e3ee18701af4ab86fcb14944f9a9360d,0.05
0xa1d8d972560c2f8144af871db508f0b0b10a3fbf,0.101
0x7579ce1010a6ba4ad44c07bece89249023031043,1.0
0x7579ce1010a6ba4ad44c07bece89249023031043,1.0
0xc8f8e2f59dd95ff67c3d39109eca2e2a017d4c8a,4.4
0xd240e9812b5d099223c2fe9013472c189199f25b,0.10746033
0xab4d98c5ec5d829851c2bb0af3bc8bb3d6b02c1c,0.030246224062989352
0xed92f0ffceee1fc0d33f10077b50fa80c1175eb7,0.023796269069007923
0x33d73cc0e060939476a10e47b86a4568c7dcf261,0.108
0x8c2eabdc119131a50d7b52996aa93fd56399257f,1.0
0x91adf14f4c0782634e04dfc6e9be16d950aa4daa,0.06217508
0x088c1e4d2e37312260b24997e909fb9c87055036,0.08591065292096219
0x2bc2ca2a7b3e6edef35223a211ac3b0b9b8d4346,0.5
0x13adb88d0ce40651625b43b597019f9ce3d60bcc,0.0215
0x2a743192a74a57f17e22c2e6312387c7c1bce159,0.003007911814138328
0x789f6b65474ae03edf17506a3f8c2bea2c06af28,0.04295
0xc098b2a3aa256d2140208c3de6543aaef5cd3a94,0.099
0x708396f17127c42383e3b9014072679b2f60b82f,0.205
0xc212f04685cfcc8444d3b8368f045e2a2675c039,6.313
0x79aa1039f40cacd81e83b76670ef8659e02215dc,0.005766603323200839
0x2f1e999b1b356e415c81ab97771a6e103cfbad82,0.02158093
0xd54d3868acafbc0f1782839ecc1e11f9dc4d3bb3,0.02432863
0x5290d78de3b40af8ea0597882b116ae5d2b7344d,0.16245641
0x2ad091ea4f161391a73e03e56ca7ece50fea110e,0.022
0xc45fa64ce8d43f54d634e2d90ef62325df72af30,0.0433086
0xace0c3ff7ae27e11a524bcce0354e439124c8c88,0.03135977
0x73314e3162a4c6ecf37d7cfa437e2c9c98dc3dd4,0.05
0x189cc54002c7a6f0ab11bbe876a76cd68e33bf6c,0.02923494
0x8a9b9d220f3ef3268c1f6a7882dbcf25e96b66da,0.031
0x7ac4a77f6a8555c053397f600643dd863a11d763,0.35
0xb7ca40beb56d3af5f2ec84ce0f5f815b35528e4b,0.3
0xd555a8e67dd2f8007170fb1038aecc14d2b505b6,0.01
0x5abf0857969f09b847c001f50d3c79f084daa612,0.00868921
0x9d78d7c1cfdc1cd7fd256a09f3cc63e1f9d4f679,0.2892321980640073
0x85b931a32a0725be14285b66f1a22178c672d69b,0.011
0xe71bf9a9eb189d2edb2b607398ece7c90b69c5ee,0.02173
0x6f948f8bf0689c5cc5ceb2f29e62f51149919087,1.0
0x180e40b8d10b21796cce59795883cc8f80f5e33c,0.002038623932472578
0x951b4274cdff8573d8226f242d818e89306900d0,0.01
0xa1d8d972560c2f8144af871db508f0b0b10a3fbf,1.04509066
0x8d4d348af8beb04133ffa526417842c9b63ae86a,0.02172204
0x00ec41e597074aab4d79b1574ceec89add35dac8,0.01
0x8ebd5345b1f05577711402bbb38fb75acd79c382,0.04341013
0xd6dbec91e74e159f5d45c24f9ecf3aa6aced36e9,0.10846881087812012
0x534a046f5e0eec65e64e5e3ee74c09a8183e6087,0.087
0x909250eceed5e9b66fc6e973176b9ef4a657cd12,0.21783834651981457
0x5c9e5571b17d91e6accd4f0c29bbe199af1f7b09,0.0
0x83bb781a2a2ca1fec0350f178c911848811cc440,0.5
0xa3c29611ba31348f12e7f7003969178f86f3cea2,0.065
0x83bb781a2a2ca1fec0350f178c911848811cc440,0.5
0x54f922c5080b6f0bf8f101d0479f19abe6e8c4e0,2.976854
0x19c3645187c6d493ac45caa86aef845a6dd05285,1.0
0xa1a3a42cfdbf8e8a664ba2d7f6f78ca278e611db,0.00866949292135903
0xe0f0cfde7ee664943906f17f7f14342e76a5cec7,1.0
0xe5818d70a9b5aed2bfde4e41fbcb07dd80f8fc84,0.216817173285657
0x9817d5109c0c5818de331b08192d4c93dc9bad8b,0.02999364
0x66d9077df20c6663bab50e14c11d7fefb4296b35,0.1
0x0ba29f00caa4a77fc0ba696ccdb90403828b9d9f,0.036956
0xa40c9aea142c036f1038d6a21ecdb30beb6ca51c,0.2
0xa40c9aea142c036f1038d6a21ecdb30beb6ca51c,0.2
0xecc1f032b4edd42507f9250b54391ccd6e243901,0.02
0xef12549ecd3e830a0fa0607de0d178537e87babe,0.005
0x7f6c3d23fe55f63205331640eb14a8171698097c,0.08
0xa737595d2a22d9c88ca8ec120d96488cf58d7023,0.1
0xa8b0409e3db5f7cf73a325e58dbec571eb6a552b,0.04
0x7a738effd10bf108b7617ec8e96a0722fa54c547,0.025
0x2cc96f1a3e55882de61b965b668ae3a5326f4ce0,0.15
0x7e37bf79394063341e0d227faa5fa7b793ceaf6b,0.0088
0xb8aa4a540216c2706ee228b1c9e3e777c4acfa8e,0.88085161
0x7351cc516a8b0bbc454ea9cba2143de44ade016b,1.0
0xd6dbec91e74e159f5d45c24f9ecf3aa6aced36e9,0.09628767255188592
0xe0f0cfde7ee664943906f17f7f14342e76a5cec7,5.0
0x359bc33da003f50aca935f1482cc481d18250700,0.02
0x8888cd677a15fdde2267016134773728acf75c02,0.025
0x749fc3b714fdf2128b727a43e0351333499d77d7,0.1
0xf06b74bd6b6a707204e8b550f2de1d7708cb2d9a,0.02
0x691e3cbb2a8f504fc650f21c9af6226051340559,0.0286056
0xa32d089f144e613106072fe2ec4ff2ff95b7606d,0.02183
0x8042d9d476cfd2cc1bcdb4326d5ca3f30a994379,0.13
0xb308c7e75a142ec26fdcd59c9b4234bbad7e0d9b,0.04195376348791378
0x9fb4b513e5e230b2ad153f5fc309b33548bb8a58,0.011
0xb3e503a4e6d322b4954c80443a0a33e6a5829f77,0.10981384
0x11e5269824c8619c00752b43afaa0226f91bfef1,0.1
0x4c4cd8bb204e030a1a3b118dd2d4760dd7767736,0.0447283201832072
0x84ea2e15c9b83c9e621df8c39cab5555efb2be7c,2.5
0xf197abcac1788d82bd725c9c70a02562ecdc56c8,22.9
0xee754bac2635081eb71c95a6834116fc4891cc9b,0.013673717747118263
0xc8e0345596d7196941e61d3ab607e57fe61f85e7,0.05
0xa3c29611ba31348f12e7f7003969178f86f3cea2,0.07
0x66d9077df20c6663bab50e14c11d7fefb4296b35,0.1
0x480db0d6ae66dad78cd410a18bbaf58f4f83eff0,0.02277
0xf40d5690e1e69294c9dfbe3d5c318734092329c3,0.226894968
0x95511e99ac37571326d7e07b880c793a4be10485,0.88
0xf60c2ea62edbfe808163751dd0d8693dcb30019c,0.50200174
0x36d54c8f24194fa0b00b28bc9abad467536ae9fd,0.0226048
0xccef9e71e39362f84ad53b8c1e2c4d712c9e609b,0.025
0xd1bafb8a34f4e62fcb4764e7c808fec4b7cb23d4,0.1128551
0x625a82313d5b68be097b8817113f58e3cfc3be48,0.047
0xe811d255d9802b09cd25204e048c083a19832ea4,0.01113447
0xfc857512dc886502942e835569b81a2d0ab711f9,0.15
0x82d09d4032e0c71379f314b49ecaf68cf4facf36,0.0045
0x5e7e0f2202c3de6a7a31bc88fde9149028cd9760,0.4437561293815371
0x132ee255d677d24ffd54bea6b49859a04915ccda,0.05
0x17ae58ab79444ad5b8ee2e232caf13c65c32af75,0.04398
0xbaaea72417f4dc3e0f52a1783b0913d0f3516634,0.1
0x0e3dc228b7ad81d76e30741b309ac3c9781fa7c1,0.019735889935134712
0x9cd1052a208e3973b0bda9342e50cd6393cabbf5,0.01738115
0x4960a1b0b0538bdee1551ec82dc27274edb4d03c,0.00982766
0x60a5e5d598046514d15fb867e92eb570a81256a4,0.0417793
0x88555d31fd8f481be5336b49ed681cfa980c47e6,0.04143635
0x8d9e2816a3bcd09f667e1cc625dd256e509f4aea,0.002426588876112449
0x94a56bcaa50c9751b11963b900aa541d76445f7f,0.1242128
0x10c721884d608b687d667f93d68cc14dfaf0daa9,0.0414143
0x5334cfde6786ec243942c1f84f5dabba9d81bc99,0.02041741
0x503f9fe2429489bfe0ce730ea2b221f470f4936d,0.0082
0x5eeffb3f2dc3ddce75fa9176745ed51035991c22,0.02040641
0x3a0aa13bebfd9b1243377aaffb3f085137a14e91,0.025
0x574609fcbcdcef938beaca64316e327e0f70232a,0.414
0x818315bf80dc4ea905f5bb214058649d0731d610,0.06077866
0xa88e4a192f3ff5e46dcc96efefb38dfec7bb250c,1.0
0x99fe1a841d59379acd34da92ad01cf4244e73475,0.1337
0x5ff6a18783cab2f9ae4640cacff031a0cf72c502,0.12267681
0x3111327edd38890c3fe564afd96b4c73e8101747,0.05
0x3bba008de8e9e8a53fd96fb3990464332df34523,0.10048699
0x89450074a0a7db28143067626d1c1ef45cfb9696,0.02
0x564286362092d8e7936f0549571a803b203aaced,0.03576919
0x94e69ff2bc73089a27f5b1ce306978afca509efa,1.0
0xd50b0485e1ba29fb1e9e4418ebd47194c4bdde9a,0.1
0x70d9428f0736e0d48df98439471cee597c57b5b3,0.016327796849551598
0x3d0476b2094aac00e5909924593227d6dc6a4616,0.01
0xf3fe4b625c9a2763e5b2b00151374baf00b7bd6e,40.82232491304845
0x70d9428f0736e0d48df98439471cee597c57b5b3,0.016290624745458986
0x7c0d2f1eb3dc2cc21d6118789d26f2db09311b1d,0.03
0x4322fac6069f0dcea384c5bbc937b86598cbbc6e,0.008
0x84823567d84595bcdad7e6c016c9ef486e71dd14,0.062
0xb4845049cf818dccd320eb715c1a475b0cffa1c3,0.021
0xb027848d3389fef162c9ed0b22c37be3a6f93516,0.03
0xfa01f6657b9cbc7b08fe0f2d1cd94ebead1f91ac,0.04073901
0x20dff0817e1588b705fddc607c8a0aa5b20aba4c,0.4434308025
0x5cc42813586323b3762e57972bee3a42dfd1287f,0.4067835220130903
0x5cc42813586323b3762e57972bee3a42dfd1287f,0.4067189978443893
0x41b96e9c6758d12a7a1f67952466b2e104532604,0.2
0x75e5283616620aa721dfa254103a957c67b22478,0.00416
0x131af6ec274845c29d8a23aed0bca4b63955c71e,0.00812
0x8c5215049a50183d7528309a7aefda5f116cf59f,0.00203173
0x2c621c09ef04e781091c9bdc64b030463694e612,0.05
0x179ff5cc7880c74cbd6955f55a9b6277541717a4,0.10166817135560273
0x267be1c1d684f78cb4f6a176c4911b741e4ffdc0,0.13076
0xce09ad110acd5e114f6797c09670ab84d92687ee,20.26725153
0x296c61eaf5bea208bbabc65ae01c3bc5270fe386,20.0
0x296c61eaf5bea208bbabc65ae01c3bc5270fe386,20.0
0xd4bddf5e3d0435d7a6214a0b949c7bb58621f37c,0.2
0x92eded60a51898e04882ce88dbbc2674e531dee4,0.1
0xd4bddf5e3d0435d7a6214a0b949c7bb58621f37c,0.1
0xd4bddf5e3d0435d7a6214a0b949c7bb58621f37c,0.1
0xa1451f2bc20b1b1f480bcbba83dfe015a1074f32,0.20004533
0x296c61eaf5bea208bbabc65ae01c3bc5270fe386,20.0
0xd4bddf5e3d0435d7a6214a0b949c7bb58621f37c,0.1
0xd4bddf5e3d0435d7a6214a0b949c7bb58621f37c,0.2
0x296c61eaf5bea208bbabc65ae01c3bc5270fe386,20.0
0x296c61eaf5bea208bbabc65ae01c3bc5270fe386,20.0
0xd4bddf5e3d0435d7a6214a0b949c7bb58621f37c,0.1
0xd4bddf5e3d0435d7a6214a0b949c7bb58621f37c,0.1
0xe69f609c75f8640fa034166c63929f2875c01343,0.05354590655635405
0xfc7123783a895944c933fc09e7fa0095d8ef1c1d,0.02029451398697904
0x9af481276b075e036bc23e887a8bd275e69ef74c,0.08134346872953704
0x4f232be1bd29949221db343f05e5b47688d5ade0,0.008143789294519536
0x087a7afb6975a2837453be685eb6272576c0bc06,0.0
0xf2c0b3a120a0cbc9980aa25446621c59e2f082fc,0.01
0x087a7afb6975a2837453be685eb6272576c0bc06,0.0
0xd7988b659063352a3867979f8f35181a5835b439,0.01
0x087a7afb6975a2837453be685eb6272576c0bc06,0.0
0xd32d0f522e4927dc26c6c5b66fb0af0aba48771d,0.01
0x8bceaf6859ebf5f3b6a347461149f1838c231c97,0.1
0x087a7afb6975a2837453be685eb6272576c0bc06,0.0
0x087a7afb6975a2837453be685eb6272576c0bc06,0.0
0x087a7afb6975a2837453be685eb6272576c0bc06,0.0
0x8e23b400c603e1fd0990b69d7734531f6a0db334,0.41
0x087a7afb6975a2837453be685eb6272576c0bc06,0.0
0x087a7afb6975a2837453be685eb6272576c0bc06,0.0
0xca4ad39f872e89ef23eabd5716363fc22513e147,0.1
0x087a7afb6975a2837453be685eb6272576c0bc06,0.0
0xa9fb88a4066298548570bdd8ad2d1a773326765d,0.05
0x087a7afb6975a2837453be685eb6272576c0bc06,0.0
0x087a7afb6975a2837453be685eb6272576c0bc06,0.0
0x087a7afb6975a2837453be685eb6272576c0bc06,0.0
0xd6dbec91e74e159f5d45c24f9ecf3aa6aced36e9,0.21731019184799766
0xc42b499f9609f3c38e2f076a4885fc50e73d726b,0.2
0x02094d8da76c73bd949d39b2f1aad93c83595d63,0.25
0xd5d2562f837128c1b38865f0324f963b4d8c7f67,0.25
0xd33577609f71eeb9e72b8b077590f50f9cbbce0a,0.041768
0x2cb5ae51861a4a6e8568b527cafc3891317ac94d,0.04027370006564613
0x2f28fe761f4d8edba8a3db365c550aaf740a7e65,0.015122415957173318
0x015befb758090caf23caf09dcdc107426bb1f07b,1.0
0x772d097e21c33f02bb5a48a209dadc3b6afc4262,0.02
0xc6c539d3c08f0089516863c44a2589407bd56ac2,0.2
0x45225d3536ac02928f16071ab05066bce95c2cd5,0.0038635
0xee60623dcd8d0de2a54c2d349173d332d088f045,0.02
0xee60623dcd8d0de2a54c2d349173d332d088f045,0.02
0xdb060903b7261e65472fc1a28d15a61b3acee504,0.01008914465
0x6b887e547f02e79dbe9984df3a099a3b6a315b34,0.09922486
0xe69f48b69e2342356b8e677eb415800c91e86ae0,0.01
0x8f22f2063d253846b53609231ed80fa571bc0c8f,0.995
0xe69f48b69e2342356b8e677eb415800c91e86ae0,0.01
0x94c4c1b0d9d6569a181811ec3d1b3c96dabfc494,1.0
0xd7b26011e6eb5857a6251da1f77e9f3d8aac4489,0.00617
0x3b5986f3634ee9d3f425ec6c4688e2a7450745c4,0.04
0x9b4e48fb9831d42c3f9e07daf861c247359f4661,0.05
0xcb606eafb4602958463aa718548a457c0089ec9c,0.03
0x28d841b0030fb3c860cbb6c11e54bef51cbceb01,0.1
0x20084441c327150f096564049d7625aa22c61429,0.40050784
0xbfb84b4b7c7dd7df9c38c6f173723d9f8da0396d,0.04
0xd5e836baff51dbf6319760207d0d95d4028bf786,0.0040037
0xd24400ae8bfebb18ca49be86258a3c749cf46853,0.04
0xacf0820183f5c10fbb0fd87b25d0661549084686,0.2
0x1258b93cc472ebe7d97d16947ab82a7189b4dee2,0.01305615
0x16c5e2cb82f41e09cce76f15c36c7fed2142a4f6,0.04014726
0x915aa445720020eb1a59151e831111369b08e118,0.5
0x3bddfac299a0b5decbe9b5719a7e7c9a7cbcbb08,0.021
0x3bddfac299a0b5decbe9b5719a7e7c9a7cbcbb08,0.021
0xb7ca40beb56d3af5f2ec84ce0f5f815b35528e4b,0.3
0x4f6810305414052e737e45f31b9ce0fb46067507,0.061
0x9dfa6f410abb6fc524c780b500ac32c58e0193a2,0.75
0x3e5968beb55d0b293c722e2284924ef943aec274,0.00812216
0x01f9a987cb6b27dcb88062a35fcf5cecac9ada96,0.1
0x61cf562f84a270af30be239adeed0c4b3767b99e,0.4
0x00a8bec03805bcfaafab1050dbcf90f57982d750,0.039703336668413615
0xa43ab7dfe18dfc089feaaaa7181c3bb4e5063ae0,2.0
0xd05318ff1a0f59f80d4c75ef350e96b2ab464ef5,0.2
0x61cf562f84a270af30be239adeed0c4b3767b99e,0.02
0x4ad087aa85980ac2ad2659193dbece1d1308e0c0,0.02
0x3b21337f2561f7b4cefa8bac37bbb16e02019953,0.013
0xf2a8d444ba121d8f3c9c15ce03f4adb7e32ca5ba,0.4
0x087a7afb6975a2837453be685eb6272576c0bc06,0.0
0x087a7afb6975a2837453be685eb6272576c0bc06,0.0
0x087a7afb6975a2837453be685eb6272576c0bc06,0.0
0x087a7afb6975a2837453be685eb6272576c0bc06,0.0
0x6a6c8d542044a0edaa0c550c214090c20df56a8e,2.0
0x61dc8f6d0bbfbf60f6ddc3cccca8cd0400f670ee,0.08029710157147298
0xd24400ae8bfebb18ca49be86258a3c749cf46853,0.1
0x8468d8bb2647a94ed13dcb70868b4340607fa8d1,0.04899463
0xd24400ae8bfebb18ca49be86258a3c749cf46853,0.5
0xe57c0a60b58aec10d764ed42b3477f276dae5401,4.10502291
0xc8f8e2f59dd95ff67c3d39109eca2e2a017d4c8a,3.0
0x9f679ef626b341afe058b40058e115ce208a3d2b,0.05
0x7938376cdd0b26a840f597d9987fdcd26e783fa5,0.04
0x265741565e0c69e6ad512ebe23375cbfb96d7f36,0.006
0x8d9e2816a3bcd09f667e1cc625dd256e509f4aea,0.00335900780433402
0x61cf562f84a270af30be239adeed0c4b3767b99e,0.02
0x708396f17127c42383e3b9014072679b2f60b82f,0.145
0x339d41bfeda98b0b726a0f2e071ebfe8509086a3,0.2
0x339d41bfeda98b0b726a0f2e071ebfe8509086a3,0.2
0x3f5ce5fbfe3e9af3971dd833d26ba9b5c936f0be,0.01121202
0x7f20d45002a96a301fcbb07434569c713c05d8ee,0.011
0xa3f80e5d19f5fbecd6c0a7b7eb6f82d4b9c168a2,0.5
0xeaf2bfb743cad652376d5ddc28caed6aba630274,0.01
0x244ec7edfdea8e6e6fbe3f8ab70cf5c706d5c1a9,0.03697058
0xdfeb90c1396fd855a0e6bf3021004437f142abfc,0.03954077
0xed9f554a75034eddfafb26a3b5d4174f93334c45,4.0
0x8bebdb7f971d126bed0084c4cc651be40bee0519,1.0
0x214ce2a5f7a43eb6e58c50994011dfa13132227c,0.25
0xb0d264f5ed28af635911ed74dd4a1c0732766bef,0.1
0xf555ea7a85c2cf13db640148e2d4c8a8027e8ef4,1.0
0x14eb2c3b11e730ee9d0b85c6c8605bc4c9731b88,0.39929883
0xf85385347f56819c316939434d427d0c9537eddc,1.0
0xa0a9c9d34ac561af2c6a64feb28e03844638c90e,0.002
0x0013db3b2165f5dba0901de230a572288c2bc4f2,1.0
0x7086ee078ff457f5f2c59cd140e79b2ebbc0e89c,0.03
0x96c825a14934a121e60fc3b2d5926b0f1f47802c,0.02
0xd551234ae421e3bcba99a0da6d736074f22192ff,0.0263612
0xb06c679cf48241bd0e92824fd7252fb2388aa73a,5.0
0x473b4afe6efd6f70894252f4a0877cbbeb222a2f,0.1
0x1f70ab7a96554f0cc1f6a4c57f2b244e8cba2f92,0.15
0xe0f0cfde7ee664943906f17f7f14342e76a5cec7,0.045
0x7989e741e0859b8c46475424c1a4a95d7f91eea3,0.5
0x60e3ced803bb4b12bfcfe4ad59e5b1fb9b8c45aa,5.0
0x8f1f22da6ac45f688a33ee5092f77134080701da,0.05
0xc4ba268ec63e6043d017cf586d72ef3004068592,0.00866153406775474
0x087a7afb6975a2837453be685eb6272576c0bc06,0.0
0x087a7afb6975a2837453be685eb6272576c0bc06,0.0
0x087a7afb6975a2837453be685eb6272576c0bc06,0.0
0x3f5ce5fbfe3e9af3971dd833d26ba9b5c936f0be,0.07
0x087a7afb6975a2837453be685eb6272576c0bc06,0.0
0x57a4e47b8e4daadcc340ff1e1733c93a9456b4dc,0.1036976
0x5e91a95f9ce92c66f2b31261d92ff6d3d08a05e4,1.0
0x87cebfed48e72a95b653b46f9435ed3146ab816a,0.04
0x8f22f2063d253846b53609231ed80fa571bc0c8f,0.04778
0x57155c668553b8068429336e81be78af2c10dd7c,1.0
0x708396f17127c42383e3b9014072679b2f60b82f,0.4489144
0xdd963ec4c0841f719f1cf88a2e9ba5a65c14a8f1,0.2
0xd6dbec91e74e159f5d45c24f9ecf3aa6aced36e9,0.095
0xce69bee18184a94cf0a65d90d5ed2fa91adab11e,0.02
0x259f2bbc820b7c3c56f87e8cffea3e45b752e41c,0.04
0x153ef70b5318f91da3b07ac5a413e6750e3326d4,0.01704697
0x421f45bcffcdc92c2a174d453d2953aacd26e2ef,0.966
0xe4b6ca3cf83b52028639bd73ddf86b2e1113ff7e,0.01882856
0x0f2cd0c6474594b2d3830e1076f40d6828641a0f,0.0094
0xfedae1293be23879db8c1be11803382a5345c328,0.2
0xc951053d325de4099ba9cb1a93db59af4388f7ec,2.0
0x5f5dd36269589329ea4c4618f0fa562debbd99e5,0.03773571
0x7e950b1bc3f8547bead34fa29fd2282ceb3f693d,0.01117
0x91e03ca709c1950e621060e64ddebdc3b7c6dede,0.1
0x46340b20830761efd32832a74d7169b29feb9758,0.24
0xc43ee4634aed3796971cce43e64b696d4de4ca83,0.1
0xe0f0cfde7ee664943906f17f7f14342e76a5cec7,0.195
0x1c9e5aba9bce815ed3bb7d9455931b84c56d5114,1.0
0xc9d483b27701a1299c09872b813bf9cb8251475a,0.25
0xc9d483b27701a1299c09872b813bf9cb8251475a,0.25
0x087a7afb6975a2837453be685eb6272576c0bc06,0.0
0x087a7afb6975a2837453be685eb6272576c0bc06,0.0
0x34f2ac0dd90b768b382e981e50312333a7a1a69d,0.03
0x087a7afb6975a2837453be685eb6272576c0bc06,0.0
0x087a7afb6975a2837453be685eb6272576c0bc06,0.0
0x087a7afb6975a2837453be685eb6272576c0bc06,0.0
0x087a7afb6975a2837453be685eb6272576c0bc06,0.0
0x02aca9872da2e7eb9a0b06f80e41460b78be83e8,0.117
0x087a7afb6975a2837453be685eb6272576c0bc06,0.0
0xa028c80cbbb08f224437786d354a69785c6c2757,1.00004546
0xf71eb59210eed86e727d76f434a2694238213deb,0.01
0xf71eb59210eed86e727d76f434a2694238213deb,0.01
0x9d6604221972a32d8a914250ea5930195c90fb9a,0.00284179
0x3ca82c439d61eee9ca61a2eea3fa4d05522a5586,0.00932119390772953
0x99b4212a657a50ecc75d34533dc9b01d6649df75,0.02
0xa02bfd4376c12983a9749e609b209a87ed3e287c,1.0
0x162e4456ce97f0ab9969cc3a02d9335a5a08f9a6,0.00915155
0x3af03d526e76879eeca608bb15d59835586b4529,0.04210894
0xdff3537f07dd448160735fd75a94fab30294233a,0.0208
0x3f5ce5fbfe3e9af3971dd833d26ba9b5c936f0be,0.025
0x0e69e5b7f834cd1210d85713476d749795bc2b70,0.05
0x28ffe35688ffffd0659aee2e34778b0ae4e193ad,0.063
0x34f70c67d496cf219b02f4a1ffccd4087fbb1c88,0.03423691
0xd551234ae421e3bcba99a0da6d736074f22192ff,0.245
0x0154d25120ed20a516fe43991702e7463c5a6f6e,1.0
0x41d35658be460e4207224cb735c2b0369863f7ac,0.03786645
0x91adf14f4c0782634e04dfc6e9be16d950aa4daa,0.05550204
0x460702337fbcbd6d205dcea1f80b45e99181cf42,0.3815352214239658
0x4ccc0aa065a37a3589e2db6e165d2f8f522e9fa2,0.2
0xb7ca40beb56d3af5f2ec84ce0f5f815b35528e4b,0.09
0x93528aea3d05563036e09f9367e157f8266a0aee,0.18698789
0x3f082ad7d22a5346da79f45e554e6f735e1ceea6,0.05493721
0x564286362092d8e7936f0549571a803b203aaced,0.015
0x087a7afb6975a2837453be685eb6272576c0bc06,0.0
0xec0a73cc9b682695959611727da874afd8440c21,0.04
0x087a7afb6975a2837453be685eb6272576c0bc06,0.0
0xd551234ae421e3bcba99a0da6d736074f22192ff,0.039
0xc098b2a3aa256d2140208c3de6543aaef5cd3a94,0.9975
0xf3d07cf035d806775e53b41a4dbb4a5a45ba9da0,0.1
0x46340b20830761efd32832a74d7169b29feb9758,0.01
0xaddfbf7718b9bfd16567c7c206be5c20507790c6,4.0
0xcc6f3815128b7b4655b1487fd521a79af45fa1af,0.4
0xc098b2a3aa256d2140208c3de6543aaef5cd3a94,1.0
0xc49e71b3f1cf4f6bdfddb58b47b5b923bd22e12d,2.5
0x95420c8f22c95e94f0c443d4c075b819644014b0,0.07
0x95420c8f22c95e94f0c443d4c075b819644014b0,0.07
0xd24400ae8bfebb18ca49be86258a3c749cf46853,0.180802
0xd09d004d3e36c5b43370116a2ba65f752161a98d,1.0
0x06234a4e76683244099201277f1c51878494c69a,0.0732404888070223
0x2ae8c972fb2e6c00dded8986e2dc672ed190da06,0.04
0x87a2ae673c34a740ee98aa80cc223963b0cca007,0.01830878
0x50d297cee576b7a9abd893580a2d0b5c49c3274d,0.075
0xba0111f5ec1b6f2f092e9730f5f64840f3b42c95,0.04
0x1ba7a4c3b64e1c22462d7357b3111e210e172726,0.00926224376002638
0x7df55f2db1a5d2dbdd3409889df2b6e191052f53,0.03
0x03e7ca02368fd9a44825ee2dee39993cba56cee2,0.00367813
0x825b9fc813409cd26f6b2bf94e636502e37d0068,0.00668405
0x85b931a32a0725be14285b66f1a22178c672d69b,0.125
0xb43fb3e80ae805fcb8a76160cd3f10e48ee3a019,0.9
0x73f8fc2e74302eb2efda125a326655acf0dc2d1b,0.19646004
0x04c670b89907d9740c2f8683e397096d040b0682,0.05414302421276043
0x4c026d5d6a7fe1b2e2b28b916ef2016f6058f7b4,0.01212
0x2920a3192613d8c42f21b64873dc0ddfcbf018d4,0.1971
0xea674fdde714fd979de3edf0f56aa9716b898ec8,0.10010972666073589
0x087a7afb6975a2837453be685eb6272576c0bc06,0.0
0xf1d9f2b3925a35cea3e251ea43f09545caf0637e,0.0219923277
0xb5d85cbf7cb3ee0d56b3bb207d5fc4b82f43f511,0.09130852
0x2b677f4c8614d037483f0cd3837c9941ca418723,0.03649608397019
0xe48b30a67b61132c47c0dfb0855ae1171c320fd3,0.02
0x0c3cc503eae928ed6b5b01b8a9ee8de2855d03ac,2.0
0x2486bc5d229741877864f114b130fe4c119aec4a,0.04
0x1c79cb8ce8c3695ed871e4d4e4519d937630832d,0.1
0xc71688dd9a430d9b115972c7f3150d2aa68542cb,0.007386045
0x4d997c89bc659a3e8452038a8101161e7e7e53a7,0.01816352256091137
0x76092ac299c3280db9734d3c859738384cdd8955,1.0
0xa1451f2bc20b1b1f480bcbba83dfe015a1074f32,0.18059534
0xc098b2a3aa256d2140208c3de6543aaef5cd3a94,0.002
0x07f0eb0c571b6cfd90d17b5de2cc51112fb95915,0.00827
0xa1d8d972560c2f8144af871db508f0b0b10a3fbf,0.094
0xb5d85cbf7cb3ee0d56b3bb207d5fc4b82f43f511,0.03604695
0x2f43640e044957b60755733bbf7974c58e0d7d2e,0.0169
0xb432ca713b50c72049493edfde314abefd23bed9,0.033
0xd16e48e0b418a61a0f47f9af77bc59ede7444b3d,0.036579789666209415
0x88e4f2b28617f8eea8025c3055c360a59bec69ce,0.0181459881034902
0x3cd751e6b0078be393132286c442345e5dc49699,0.2
0x88f26805e47d26a1adbbe976cea9efe9cb2bd48e,0.03643459576994951
0x326c33c81ea44d2ad9184c687179926d086d10a8,0.21
0xf1afb68dfdccd5a102f1148cda1e042de7fcf6f9,0.01
0x3eb3587e066a23d086bca170430762a81296d324,0.01
0x3cd751e6b0078be393132286c442345e5dc49699,0.0360372
0x3cd751e6b0078be393132286c442345e5dc49699,0.00176317
0xc915de0a80d4e54cd84898c6b7be012535106db3,0.00346
0xeafff1987d9fca3d540cfe07bd22a9cb58733fc7,0.04
0xa88e4a192f3ff5e46dcc96efefb38dfec7bb250c,1.0
0x5284e7d92b2da5079adc4d376d9e2ebb0edd7a47,0.024
0x0a0bcf6ee31aacbc47ad40ebce421bb5ec1b8d43,0.002
0xc5967184a24c15df12c76e93d21c54239cee3993,0.01
0xc098b2a3aa256d2140208c3de6543aaef5cd3a94,0.04
0x7a9049d8d1555f50aca1e73305bfa0c36d9d18a1,0.001743472439187681
0x7a9049d8d1555f50aca1e73305bfa0c36d9d18a1,0.001745011883530927
0x3cd751e6b0078be393132286c442345e5dc49699,0.49309285
0x7900bae1bbd63e85bdeec5b76677cb4c1f5384bc,0.25
0x5523f46cc1e83784c8cce92c9a98b725129b0879,0.05
0xeea0ee597fcc96995c9d777d5107a89f84bc037b,0.068
0xf23a63b68671bc75e1e6644f2abacb0c1d8b5bb0,0.1
0x57b4cdb513d257e729f606f90ee5646cf46fae52,0.05002
0x9325c44f3f2c126af8707bd79bedc3c7459e4dc5,0.25
0x5dac2a0fabe8689ebaef5849e20175827d4011f8,0.5
0x320408feb1e086b1fbd27c598a735699ea10bd9a,1.0
0xb881152f9eee29fb1b48c3d1e7c811e3aba2d333,0.34478765
0xe0f0cfde7ee664943906f17f7f14342e76a5cec7,0.33094
0x9e60ac8a2d7e0339101b8a16335480322bdee781,1.8
0x8386e0e11fea85ddc32581bcd9afa1456add5ca2,0.4
0x42a411b5fa93770097857598165b712ec88d31d7,0.1
0x1cbb321967b2a02ae31d75302a1c9ecd9619577c,0.07
0xcd0c431c117785045ce970a2168e85e24b630355,0.14
0xcd0c431c117785045ce970a2168e85e24b630355,0.14
0x06c680491967aa52597eeed3865ab52dfc17d0a7,0.17
0xb5d85cbf7cb3ee0d56b3bb207d5fc4b82f43f511,0.01686341
0xb5d85cbf7cb3ee0d56b3bb207d5fc4b82f43f511,0.02312151
0x9419c9e7f355febabd4f9c388ab68089ce157877,0.1
0xe646f714d09ce9cef24b9a2fe98cac0af109b126,0.54205527
0x28beb6fd342f7f41c0ebe086f78e43468c7a25c1,0.05
0x8f22f2063d253846b53609231ed80fa571bc0c8f,0.025
0xd851527c6786582c78309d52310e221dfa76c3ca,0.03
0x8697316e0c0437a39b106a958c6603483541a4fe,5.0
0x708396f17127c42383e3b9014072679b2f60b82f,0.49851598
0xeb2629a2734e272bcc07bda959863f316f4bd4cf,0.2199978
0xa88e4a192f3ff5e46dcc96efefb38dfec7bb250c,1.0
0x8f22f2063d253846b53609231ed80fa571bc0c8f,0.04
0xb5d85cbf7cb3ee0d56b3bb207d5fc4b82f43f511,0.04621357
0x3cd751e6b0078be393132286c442345e5dc49699,0.04530299
0x7f0073e6fac4e88a3827b9b8ddc1aec84602e433,0.1779
0x1d60b58b64b68d84f06d92cd34667425107ca28d,0.03
0x1d60b58b64b68d84f06d92cd34667425107ca28d,0.03
0x1d60b58b64b68d84f06d92cd34667425107ca28d,0.03
0xd551234ae421e3bcba99a0da6d736074f22192ff,0.37295818
0xb5d85cbf7cb3ee0d56b3bb207d5fc4b82f43f511,0.02905604
0x3cd751e6b0078be393132286c442345e5dc49699,0.02341402
0xefac568c637201ea0a944b888b8fb98386ef2882,0.1
0x68bdeff9aca67da30ad7e78feacb3685a5c0863f,0.25
0xa1d8d972560c2f8144af871db508f0b0b10a3fbf,0.09200002
0xb40259f1ee6b01946315e2040f9c79399702022a,0.05
0xcfdda4491f71d39715009e95d639c27ba7bb42e0,0.03
0xb5d85cbf7cb3ee0d56b3bb207d5fc4b82f43f511,0.20571052
0x18af92a9ddaa4327e6789a92e5b53d8d07a83df5,0.06971879
0x8d7ef68d3d17fe776254f4d023b905369c897230,0.002
0x75a09cc18fa729fb48814c9d08c61fc8a9e0b17c,0.024
0x75bb3c4677ac5cf3cc60f0183ab1fe65ad1a7c54,0.014620267784824748
0xf9bda3a4eb8d4d186e2fb1ba8f5ac05f900e061f,0.07040228075819392
0x22a6d12b6d500d173a1c74f61ade047d05d8fac6,0.05
0x22a6d12b6d500d173a1c74f61ade047d05d8fac6,0.05
0xd551234ae421e3bcba99a0da6d736074f22192ff,3.007
0x5ebd280e4a0c2553c1ba3767298c550032f2befb,0.125
0xa1d8d972560c2f8144af871db508f0b0b10a3fbf,0.1299
0xdce9cc863b6394ea8ac9e106d1225958a6d436af,0.029
0xb43fb3e80ae805fcb8a76160cd3f10e48ee3a019,0.9
0x3f1bb305cfd4366c7a126cd463f0c98719c8af00,0.02938
0x3f4c933e14c381d4d0970235f6ef8f6bf3ded7df,0.04
0x09ca57ef1a0b6209cb9352c634f4154fa50d000c,0.05828
0x023392e2fa037e74d509a862ba99e4aff0d9de3b,0.012
0x85b931a32a0725be14285b66f1a22178c672d69b,0.142
0xafafff0f65731ef64083fef84e22300a90cc25a0,0.5
0x97b51fc2c0d1863f3f406d44c9fcf4862374f399,0.07
0xc098b2a3aa256d2140208c3de6543aaef5cd3a94,0.0554608
0x086e1e89a9fdbf67541e63e0118c040c8866c843,1.0
0x52eea4149a25f2e88efae0a673eca374f7e1a75a,0.6
0xa1d8d972560c2f8144af871db508f0b0b10a3fbf,0.063
0x53c40473dcdfd927c4201ccfe24e314a7d7c3584,0.005205865969774742
0xc098b2a3aa256d2140208c3de6543aaef5cd3a94,0.0484643
0x8396781b7644b78611b488cfde15992e8912fff5,2.3625
0x41e1d3a43e688effc4851ce4abc81d86e2a2b853,0.03832347568375468
0x8c660aca7ba052dfc85309571811f84da6e01806,0.07603
0x01485557c2bc6e26c7187ff4cc38d5d9474405d4,0.03835640257857309
0x247b73802353daadafeccd6823f720d6761d1dac,0.00308001
0xe913a5fe3faa5f0fa0d420c87337c7cb99a0c6e5,0.05
0x7c94c3268e1feef264b7298b143334c6e1fbdc09,1.0
0x90a5d61387c4df28da7030b114ccc50f18d66758,0.024262456033527075
0x087a7afb6975a2837453be685eb6272576c0bc06,0.0
0x3e5d54d2bb93969d523f3855f0e2ba9db5729929,0.5
0xeb2629a2734e272bcc07bda959863f316f4bd4cf,0.03574109
0x44ff92199fe1c03f0555abe473d2556ccc196f73,0.049656377865173
0xe0d62cc9233c7e2f1f23fe8c77d6b4d1a265d7cd,0.24908833668772296
0xeb2629a2734e272bcc07bda959863f316f4bd4cf,0.04976375
0x1a26d060273e5d4cd34564fdc95da34388a98c8c,0.0256
0xeb2629a2734e272bcc07bda959863f316f4bd4cf,1.0
0xab5801a7d398351b8be11c439e05c5b3259aec9b,500.0
0x929fa26bd80d958ee6faf670222d4ee320a0d7ba,0.5
0x153cdb2d1adda3b884fcc3a98f7b064a444d25b7,0.25
0x0de876142a642c3a704a2938fdff8bba7b3b0586,0.005227899056737642
0x723ea9d0acd07279fa4fe19256c1342e56fc6006,0.003359292
0x84d718cd3f47df21eec870c27f7420bcdb81560b,0.08924200502543589
0x9937e86d5af7b782ba77b535ab075c7d54813771,0.1
0xc098b2a3aa256d2140208c3de6543aaef5cd3a94,0.044965
0xdf22d5ad44646b29ff2f65cb462ee862797f2a60,26.0
0x564286362092d8e7936f0549571a803b203aaced,0.0075
0xeb2629a2734e272bcc07bda959863f316f4bd4cf,0.05166851
0xb1bf8c88c258789a10144d1c476d47dcb2f41361,1.0
0x0783abc1e6f1eb93b80024a056492e314d949986,0.3
0x46340b20830761efd32832a74d7169b29feb9758,0.0230121608022914
0xedfda531b7c7994cf0c9732e1abb37da99f2f1b4,1e-18
0x699f2eaa789584a330917857c18edc87c3969340,0.027183442021795685
0x6a020399bc38a94d222e47c1d7ac079538ef86cf,1.0
0x3cd751e6b0078be393132286c442345e5dc49699,0.01080365
0xb747a59c7dcc04e3aed5958f1a9b1ebf96e1852f,0.1
0x82acbee0e21ca256f5cbb32b7b141a774457569a,0.34125
0x0681d8db095565fe8a346fa0277bffde9c0edbbf,0.28774545
0x3d9f7163654541b7da4915d3c0f600b00bf4099d,0.005
0xef9082944bd910d470f884d9dbf2762b7127035e,0.1
0x93e14a6dcab1ee29ebc477924899823a9ce56f28,0.0051081268326717
0x087a7afb6975a2837453be685eb6272576c0bc06,0.0
0xddcde5eb45a217647f4c656a80ab1625e966e954,0.1175845995
0x0291eb432cb4a2613a7415018933e3db45bcd769,1.0
0x0291eb432cb4a2613a7415018933e3db45bcd769,1.0
0x0291eb432cb4a2613a7415018933e3db45bcd769,1.0
0x5c9e5571b17d91e6accd4f0c29bbe199af1f7b09,0.0
0x5c9e5571b17d91e6accd4f0c29bbe199af1f7b09,0.0
0xc969a8ad906884532f7afae11569e5502f01cf3a,0.1
0x52a00fbccdad0e7b375354b9cbe49485ce247d9f,0.004232064
0x0d4a3e852302b84f507de11fc095bcd6cf0cc167,0.01285
0xd551234ae421e3bcba99a0da6d736074f22192ff,3.141852
